101uXNqgsOW79sl57eUV5SdWRu5P8Eojm,10,1 STUDIO E PDF,https://lh3.googleusercontent.com/u/0/d/1tdWjXjr0SICZFwQTMrOcS7QxHzCq5ntp=w400-h380-p-k-nu-iv3
101uXNqgsOW79sl57eUV5SdWRu5P8Eojm,10,"2- STUDIO, PDF E PNG",https://lh3.googleusercontent.com/u/0/d/1tdWjXjr0SICZFwQTMrOcS7QxHzCq5ntp=w400-h380-p-k-nu-iv3
101uXNqgsOW79sl57eUV5SdWRu5P8Eojm,10,3- STUDIO E PDF,https://lh3.googleusercontent.com/u/0/d/1tdWjXjr0SICZFwQTMrOcS7QxHzCq5ntp=w400-h380-p-k-nu-iv3
101uXNqgsOW79sl57eUV5SdWRu5P8Eojm,10,4- STUDIO E PDF,https://lh3.googleusercontent.com/u/0/d/1tdWjXjr0SICZFwQTMrOcS7QxHzCq5ntp=w400-h380-p-k-nu-iv3
101uXNqgsOW79sl57eUV5SdWRu5P8Eojm,10,5- STUDIO E PDF,https://lh3.googleusercontent.com/u/0/d/1tdWjXjr0SICZFwQTMrOcS7QxHzCq5ntp=w400-h380-p-k-nu-iv3
101uXNqgsOW79sl57eUV5SdWRu5P8Eojm,10,6- STUDIO E PDF,https://lh3.googleusercontent.com/u/0/d/1tdWjXjr0SICZFwQTMrOcS7QxHzCq5ntp=w400-h380-p-k-nu-iv3
101uXNqgsOW79sl57eUV5SdWRu5P8Eojm,10,7- STUDIO E PDF,https://lh3.googleusercontent.com/u/0/d/1tdWjXjr0SICZFwQTMrOcS7QxHzCq5ntp=w400-h380-p-k-nu-iv3
101uXNqgsOW79sl57eUV5SdWRu5P8Eojm,10,8- STUDIO E PDF,https://lh3.googleusercontent.com/u/0/d/1tdWjXjr0SICZFwQTMrOcS7QxHzCq5ntp=w400-h380-p-k-nu-iv3
101uXNqgsOW79sl57eUV5SdWRu5P8Eojm,10,9- STUDIO E PDF,https://lh3.googleusercontent.com/u/0/d/1tdWjXjr0SICZFwQTMrOcS7QxHzCq5ntp=w400-h380-p-k-nu-iv3
101uXNqgsOW79sl57eUV5SdWRu5P8Eojm,10,QUEBRA CABEÇA - STUDIO,https://lh3.googleusercontent.com/u/0/d/1tdWjXjr0SICZFwQTMrOcS7QxHzCq5ntp=w400-h380-p-k-nu-iv3
1dxsNNkhGr_tF3n73KYcPV4czVLtx0N-D,6,1 - STUDIO,https://lh3.googleusercontent.com/u/0/d/1TxPVe4iWPN1E3KiWiN_IF-dydtBPTYrJ=w400-h380-p-k-nu-iv3
1dxsNNkhGr_tF3n73KYcPV4czVLtx0N-D,6,2- STUDIO,https://lh3.googleusercontent.com/u/0/d/1TxPVe4iWPN1E3KiWiN_IF-dydtBPTYrJ=w400-h380-p-k-nu-iv3
1dxsNNkhGr_tF3n73KYcPV4czVLtx0N-D,6,3 - STUDIO E PDF,https://lh3.googleusercontent.com/u/0/d/1TxPVe4iWPN1E3KiWiN_IF-dydtBPTYrJ=w400-h380-p-k-nu-iv3
1dxsNNkhGr_tF3n73KYcPV4czVLtx0N-D,6,4 - STUDIO E PDF,https://lh3.googleusercontent.com/u/0/d/1TxPVe4iWPN1E3KiWiN_IF-dydtBPTYrJ=w400-h380-p-k-nu-iv3
1dxsNNkhGr_tF3n73KYcPV4czVLtx0N-D,6,"5 - STUDIO, PNG E PDF",https://lh3.googleusercontent.com/u/0/d/1TxPVe4iWPN1E3KiWiN_IF-dydtBPTYrJ=w400-h380-p-k-nu-iv3
1dxsNNkhGr_tF3n73KYcPV4czVLtx0N-D,6,6 - STUDIO,https://lh3.googleusercontent.com/u/0/d/1TxPVe4iWPN1E3KiWiN_IF-dydtBPTYrJ=w400-h380-p-k-nu-iv3
1nlKG-LIrqLWMvWn2JFlQR-hy999FJzI9,20,1 - STUDIO E PDF,https://lh3.googleusercontent.com/u/0/d/1SaGnuQwE1XlxKhkwuAhdFiPW4jIfUl9U=w400-h380-p-k-nu-iv3
1nlKG-LIrqLWMvWn2JFlQR-hy999FJzI9,20,2 - STUDIO E PDF,https://lh3.googleusercontent.com/u/0/d/1SaGnuQwE1XlxKhkwuAhdFiPW4jIfUl9U=w400-h380-p-k-nu-iv3
1nlKG-LIrqLWMvWn2JFlQR-hy999FJzI9,20,3 - STUDIO E PDF,https://lh3.googleusercontent.com/u/0/d/1SaGnuQwE1XlxKhkwuAhdFiPW4jIfUl9U=w400-h380-p-k-nu-iv3
1nlKG-LIrqLWMvWn2JFlQR-hy999FJzI9,20,"4 - STUDIO, PNG E PDF",https://lh3.googleusercontent.com/u/0/d/1SaGnuQwE1XlxKhkwuAhdFiPW4jIfUl9U=w400-h380-p-k-nu-iv3
1nlKG-LIrqLWMvWn2JFlQR-hy999FJzI9,20,"5 - STUDIO, PNG E PDF",https://lh3.googleusercontent.com/u/0/d/1SaGnuQwE1XlxKhkwuAhdFiPW4jIfUl9U=w400-h380-p-k-nu-iv3
1nlKG-LIrqLWMvWn2JFlQR-hy999FJzI9,20,6 - STUDIO E PDF,https://lh3.googleusercontent.com/u/0/d/1SaGnuQwE1XlxKhkwuAhdFiPW4jIfUl9U=w400-h380-p-k-nu-iv3
1nlKG-LIrqLWMvWn2JFlQR-hy999FJzI9,20,7 - STUDIO,https://lh3.googleusercontent.com/u/0/d/1SaGnuQwE1XlxKhkwuAhdFiPW4jIfUl9U=w400-h380-p-k-nu-iv3
1nlKG-LIrqLWMvWn2JFlQR-hy999FJzI9,20,8 - STUDIO,https://lh3.googleusercontent.com/u/0/d/1SaGnuQwE1XlxKhkwuAhdFiPW4jIfUl9U=w400-h380-p-k-nu-iv3
1nlKG-LIrqLWMvWn2JFlQR-hy999FJzI9,20,9 - STUDIO,https://lh3.googleusercontent.com/u/0/d/1SaGnuQwE1XlxKhkwuAhdFiPW4jIfUl9U=w400-h380-p-k-nu-iv3
1nlKG-LIrqLWMvWn2JFlQR-hy999FJzI9,20,10 - STUDIO,https://lh3.googleusercontent.com/u/0/d/1SaGnuQwE1XlxKhkwuAhdFiPW4jIfUl9U=w400-h380-p-k-nu-iv3
1nlKG-LIrqLWMvWn2JFlQR-hy999FJzI9,20,"11 - STUDIO, PNG E PDF",https://lh3.googleusercontent.com/u/0/d/1SaGnuQwE1XlxKhkwuAhdFiPW4jIfUl9U=w400-h380-p-k-nu-iv3
1nlKG-LIrqLWMvWn2JFlQR-hy999FJzI9,20,12 - STUDIO,https://lh3.googleusercontent.com/u/0/d/1SaGnuQwE1XlxKhkwuAhdFiPW4jIfUl9U=w400-h380-p-k-nu-iv3
1nlKG-LIrqLWMvWn2JFlQR-hy999FJzI9,20,AZUL MARINHO - STUDIO,https://lh3.googleusercontent.com/u/0/d/1SaGnuQwE1XlxKhkwuAhdFiPW4jIfUl9U=w400-h380-p-k-nu-iv3
1nlKG-LIrqLWMvWn2JFlQR-hy999FJzI9,20,BAILARINA 15 ANOS - STUDIO,https://lh3.googleusercontent.com/u/0/d/1SaGnuQwE1XlxKhkwuAhdFiPW4jIfUl9U=w400-h380-p-k-nu-iv3
1nlKG-LIrqLWMvWn2JFlQR-hy999FJzI9,20,BAILE REAL 15 ANOS - STUDIO E PDF,https://lh3.googleusercontent.com/u/0/d/1SaGnuQwE1XlxKhkwuAhdFiPW4jIfUl9U=w400-h380-p-k-nu-iv3
1nlKG-LIrqLWMvWn2JFlQR-hy999FJzI9,20,FESTA NA CAIXA 1 - STUDIO E PDF,https://lh3.googleusercontent.com/u/0/d/1SaGnuQwE1XlxKhkwuAhdFiPW4jIfUl9U=w400-h380-p-k-nu-iv3
1nlKG-LIrqLWMvWn2JFlQR-hy999FJzI9,20,FLORAL - STUDIO,https://lh3.googleusercontent.com/u/0/d/1SaGnuQwE1XlxKhkwuAhdFiPW4jIfUl9U=w400-h380-p-k-nu-iv3
1nlKG-LIrqLWMvWn2JFlQR-hy999FJzI9,20,MARSALA - STUDIO,https://lh3.googleusercontent.com/u/0/d/1SaGnuQwE1XlxKhkwuAhdFiPW4jIfUl9U=w400-h380-p-k-nu-iv3
1nlKG-LIrqLWMvWn2JFlQR-hy999FJzI9,20,"MÚSICA - STUDIO, PNG E PDF",https://lh3.googleusercontent.com/u/0/d/1SaGnuQwE1XlxKhkwuAhdFiPW4jIfUl9U=w400-h380-p-k-nu-iv3
1nlKG-LIrqLWMvWn2JFlQR-hy999FJzI9,20,PARIS - STUDIO E PDF,https://lh3.googleusercontent.com/u/0/d/1SaGnuQwE1XlxKhkwuAhdFiPW4jIfUl9U=w400-h380-p-k-nu-iv3
1CHfiu06SBW2D_H9GXIEce3D1m0PabSep,2,1 - STUDIO E PDF,https://lh3.googleusercontent.com/u/0/d/1iakvTaZ0l642x_EttaDxW1t1GSIaQrKB=w400-h380-p-k-nu-iv3
1CHfiu06SBW2D_H9GXIEce3D1m0PabSep,2,"2 - STUDIO, PNG E PDF",https://lh3.googleusercontent.com/u/0/d/1iakvTaZ0l642x_EttaDxW1t1GSIaQrKB=w400-h380-p-k-nu-iv3
17ZxCThyuk4CpzKrv_NQyloU3Gtp4zOqg,3,1 - STUDIO,https://lh3.googleusercontent.com/u/0/d/1SgDOwQo2A35eYZTxcKhDpDvC11KmtzDC=w400-h380-p-k-nu-iv2
17ZxCThyuk4CpzKrv_NQyloU3Gtp4zOqg,3,2 - STUDIO,https://lh3.googleusercontent.com/u/0/d/1SgDOwQo2A35eYZTxcKhDpDvC11KmtzDC=w400-h380-p-k-nu-iv2
17ZxCThyuk4CpzKrv_NQyloU3Gtp4zOqg,3,3 - STUDIO,https://lh3.googleusercontent.com/u/0/d/1SgDOwQo2A35eYZTxcKhDpDvC11KmtzDC=w400-h380-p-k-nu-iv2
1-pyGJqJ2KAorCkTFPNdbVLBoLVKRDC2V,2,1,https://lh3.googleusercontent.com/u/0/d/1ToasYVYtM1vzJ7bFGZ7w55EZf5wPnM9m=w400-h380-p-k-nu-iv2
1-pyGJqJ2KAorCkTFPNdbVLBoLVKRDC2V,2,2,https://lh3.googleusercontent.com/u/0/d/1ToasYVYtM1vzJ7bFGZ7w55EZf5wPnM9m=w400-h380-p-k-nu-iv2
1GK8-jXTpPmNNhYLlDHdV5OmXNdJK2awY,1,"1 - STUDIO, PNG E PDF",https://lh3.googleusercontent.com/u/0/d/11eZTfJyzsVDHwB2dUaqFmWhYzMio-VfC=w400-h380-p-k-nu-iv3
1nJd6j5RhQTn3XNJD1VlxbpbRAxqbU5i9,19,1 - STUDIO E PDF,https://lh3.googleusercontent.com/u/0/d/1GEkErn82syowPD-29dWVHOAb1-JWH-At=w400-h380-p-k-nu-iv3
1nJd6j5RhQTn3XNJD1VlxbpbRAxqbU5i9,19,"2 - STUDIO, PDF E PNG",https://lh3.googleusercontent.com/u/0/d/1GEkErn82syowPD-29dWVHOAb1-JWH-At=w400-h380-p-k-nu-iv3
1nJd6j5RhQTn3XNJD1VlxbpbRAxqbU5i9,19,4 - STUDIO E PDF,https://lh3.googleusercontent.com/u/0/d/1GEkErn82syowPD-29dWVHOAb1-JWH-At=w400-h380-p-k-nu-iv3
1nJd6j5RhQTn3XNJD1VlxbpbRAxqbU5i9,19,5 - STUDIO E PDF,https://lh3.googleusercontent.com/u/0/d/1GEkErn82syowPD-29dWVHOAb1-JWH-At=w400-h380-p-k-nu-iv3
1nJd6j5RhQTn3XNJD1VlxbpbRAxqbU5i9,19,6 - STUDIO E PDF,https://lh3.googleusercontent.com/u/0/d/1GEkErn82syowPD-29dWVHOAb1-JWH-At=w400-h380-p-k-nu-iv3
1nJd6j5RhQTn3XNJD1VlxbpbRAxqbU5i9,19,7 - STUDIO E PDF,https://lh3.googleusercontent.com/u/0/d/1GEkErn82syowPD-29dWVHOAb1-JWH-At=w400-h380-p-k-nu-iv3
1nJd6j5RhQTn3XNJD1VlxbpbRAxqbU5i9,19,8 - STUDIO E PDF,https://lh3.googleusercontent.com/u/0/d/1GEkErn82syowPD-29dWVHOAb1-JWH-At=w400-h380-p-k-nu-iv3
1nJd6j5RhQTn3XNJD1VlxbpbRAxqbU5i9,19,"9 - STUDIO, PDF E PNG",https://lh3.googleusercontent.com/u/0/d/1GEkErn82syowPD-29dWVHOAb1-JWH-At=w400-h380-p-k-nu-iv3
1nJd6j5RhQTn3XNJD1VlxbpbRAxqbU5i9,19,"10 - STUDIO, PDF, PNG E SVG",https://lh3.googleusercontent.com/u/0/d/1GEkErn82syowPD-29dWVHOAb1-JWH-At=w400-h380-p-k-nu-iv3
1nJd6j5RhQTn3XNJD1VlxbpbRAxqbU5i9,19,"11 - STUDIO, PDF E PNG",https://lh3.googleusercontent.com/u/0/d/1GEkErn82syowPD-29dWVHOAb1-JWH-At=w400-h380-p-k-nu-iv3
1nJd6j5RhQTn3XNJD1VlxbpbRAxqbU5i9,19,12 - STUDIO,https://lh3.googleusercontent.com/u/0/d/1GEkErn82syowPD-29dWVHOAb1-JWH-At=w400-h380-p-k-nu-iv3
1nJd6j5RhQTn3XNJD1VlxbpbRAxqbU5i9,19,13 - STUDIO E PDF,https://lh3.googleusercontent.com/u/0/d/1GEkErn82syowPD-29dWVHOAb1-JWH-At=w400-h380-p-k-nu-iv3
1nJd6j5RhQTn3XNJD1VlxbpbRAxqbU5i9,19,14 - STUDIO E PDF,https://lh3.googleusercontent.com/u/0/d/1GEkErn82syowPD-29dWVHOAb1-JWH-At=w400-h380-p-k-nu-iv3
1nJd6j5RhQTn3XNJD1VlxbpbRAxqbU5i9,19,15 - STUDIO,https://lh3.googleusercontent.com/u/0/d/1GEkErn82syowPD-29dWVHOAb1-JWH-At=w400-h380-p-k-nu-iv3
1nJd6j5RhQTn3XNJD1VlxbpbRAxqbU5i9,19,16 - STUDIO,https://lh3.googleusercontent.com/u/0/d/1GEkErn82syowPD-29dWVHOAb1-JWH-At=w400-h380-p-k-nu-iv3
1nJd6j5RhQTn3XNJD1VlxbpbRAxqbU5i9,19,A GUARDA 1 - STUDIO E PDF,https://lh3.googleusercontent.com/u/0/d/1GEkErn82syowPD-29dWVHOAb1-JWH-At=w400-h380-p-k-nu-iv3
1nJd6j5RhQTn3XNJD1VlxbpbRAxqbU5i9,19,A GUARDA 2 - STUDIO,https://lh3.googleusercontent.com/u/0/d/1GEkErn82syowPD-29dWVHOAb1-JWH-At=w400-h380-p-k-nu-iv3
1nJd6j5RhQTn3XNJD1VlxbpbRAxqbU5i9,19,A GUARDA 3 - STUDIO E PDF,https://lh3.googleusercontent.com/u/0/d/1GEkErn82syowPD-29dWVHOAb1-JWH-At=w400-h380-p-k-nu-iv3
1nJd6j5RhQTn3XNJD1VlxbpbRAxqbU5i9,19,CUTE - STUDIO E PDF,https://lh3.googleusercontent.com/u/0/d/1GEkErn82syowPD-29dWVHOAb1-JWH-At=w400-h380-p-k-nu-iv3
1wL-7wc_qIzvh1B6XrecU8d0tQ4cwYKPH,6,"1 - STUDIO, PNG E PDF",https://lh3.googleusercontent.com/u/0/d/10NhN4YClggSpWnfO91sUVMo6rwkWg405=w400-h380-p-k-nu-iv3
1wL-7wc_qIzvh1B6XrecU8d0tQ4cwYKPH,6,2 - STUDIO E PDF,https://lh3.googleusercontent.com/u/0/d/10NhN4YClggSpWnfO91sUVMo6rwkWg405=w400-h380-p-k-nu-iv3
1wL-7wc_qIzvh1B6XrecU8d0tQ4cwYKPH,6,3 - STUDIO E PDF,https://lh3.googleusercontent.com/u/0/d/10NhN4YClggSpWnfO91sUVMo6rwkWg405=w400-h380-p-k-nu-iv3
1wL-7wc_qIzvh1B6XrecU8d0tQ4cwYKPH,6,4 - STUDIO E PDF,https://lh3.googleusercontent.com/u/0/d/10NhN4YClggSpWnfO91sUVMo6rwkWg405=w400-h380-p-k-nu-iv3
1wL-7wc_qIzvh1B6XrecU8d0tQ4cwYKPH,6,"5 - STUDIO, PDF E PNG",https://lh3.googleusercontent.com/u/0/d/10NhN4YClggSpWnfO91sUVMo6rwkWg405=w400-h380-p-k-nu-iv3
1wL-7wc_qIzvh1B6XrecU8d0tQ4cwYKPH,6,TIANA 1 - STUDIO,https://lh3.googleusercontent.com/u/0/d/10NhN4YClggSpWnfO91sUVMo6rwkWg405=w400-h380-p-k-nu-iv3
1ZSAlDJwlhzGC_wcO52YMJlw5QgtixgeH,2,1 - STUDIO E PDF,https://lh3.googleusercontent.com/u/0/d/1dWc1mH_LA-o6FHcvGFIkkQ0TK6q1YUq6=w400-h380-p-k-nu-iv3
1ZSAlDJwlhzGC_wcO52YMJlw5QgtixgeH,2,Abacaxi Cute - STUDIO,https://lh3.googleusercontent.com/u/0/d/1dWc1mH_LA-o6FHcvGFIkkQ0TK6q1YUq6=w400-h380-p-k-nu-iv3
1nrxqYLesH6Cg2TrsKa5v2SYVrEz9AzBi,24,1 - STUDIO,https://lh3.googleusercontent.com/u/0/d/1HAFWuXs-t9OJbkHTmh_NbEthOuf-Dzc9=w400-h380-p-k-nu-iv3
1nrxqYLesH6Cg2TrsKa5v2SYVrEz9AzBi,24,2 - STUDIO,https://lh3.googleusercontent.com/u/0/d/1HAFWuXs-t9OJbkHTmh_NbEthOuf-Dzc9=w400-h380-p-k-nu-iv3
1nrxqYLesH6Cg2TrsKa5v2SYVrEz9AzBi,24,3 - STUDIO,https://lh3.googleusercontent.com/u/0/d/1HAFWuXs-t9OJbkHTmh_NbEthOuf-Dzc9=w400-h380-p-k-nu-iv3
1nrxqYLesH6Cg2TrsKa5v2SYVrEz9AzBi,24,4 - STUDIO,https://lh3.googleusercontent.com/u/0/d/1HAFWuXs-t9OJbkHTmh_NbEthOuf-Dzc9=w400-h380-p-k-nu-iv3
1nrxqYLesH6Cg2TrsKa5v2SYVrEz9AzBi,24,5 - STUDIO E PDF,https://lh3.googleusercontent.com/u/0/d/1HAFWuXs-t9OJbkHTmh_NbEthOuf-Dzc9=w400-h380-p-k-nu-iv3
1nrxqYLesH6Cg2TrsKa5v2SYVrEz9AzBi,24,6 - STUDIO,https://lh3.googleusercontent.com/u/0/d/1HAFWuXs-t9OJbkHTmh_NbEthOuf-Dzc9=w400-h380-p-k-nu-iv3
1nrxqYLesH6Cg2TrsKa5v2SYVrEz9AzBi,24,7 - STUDIO E PDF,https://lh3.googleusercontent.com/u/0/d/1HAFWuXs-t9OJbkHTmh_NbEthOuf-Dzc9=w400-h380-p-k-nu-iv3
1nrxqYLesH6Cg2TrsKa5v2SYVrEz9AzBi,24,8 - STUDIO,https://lh3.googleusercontent.com/u/0/d/1HAFWuXs-t9OJbkHTmh_NbEthOuf-Dzc9=w400-h380-p-k-nu-iv3
1nrxqYLesH6Cg2TrsKa5v2SYVrEz9AzBi,24,9 - STUDIO E PDF,https://lh3.googleusercontent.com/u/0/d/1HAFWuXs-t9OJbkHTmh_NbEthOuf-Dzc9=w400-h380-p-k-nu-iv3
1nrxqYLesH6Cg2TrsKa5v2SYVrEz9AzBi,24,10 - STUDIO E PDF,https://lh3.googleusercontent.com/u/0/d/1HAFWuXs-t9OJbkHTmh_NbEthOuf-Dzc9=w400-h380-p-k-nu-iv3
1nrxqYLesH6Cg2TrsKa5v2SYVrEz9AzBi,24,11 - STUDIO E PDF,https://lh3.googleusercontent.com/u/0/d/1HAFWuXs-t9OJbkHTmh_NbEthOuf-Dzc9=w400-h380-p-k-nu-iv3
1nrxqYLesH6Cg2TrsKa5v2SYVrEz9AzBi,24,12 - STUDIO E PDF,https://lh3.googleusercontent.com/u/0/d/1HAFWuXs-t9OJbkHTmh_NbEthOuf-Dzc9=w400-h380-p-k-nu-iv3
1nrxqYLesH6Cg2TrsKa5v2SYVrEz9AzBi,24,13 - STUDIO E PDF,https://lh3.googleusercontent.com/u/0/d/1HAFWuXs-t9OJbkHTmh_NbEthOuf-Dzc9=w400-h380-p-k-nu-iv3
1nrxqYLesH6Cg2TrsKa5v2SYVrEz9AzBi,24,14 - STUDIO E PDF,https://lh3.googleusercontent.com/u/0/d/1HAFWuXs-t9OJbkHTmh_NbEthOuf-Dzc9=w400-h380-p-k-nu-iv3
1nrxqYLesH6Cg2TrsKa5v2SYVrEz9AzBi,24,"15 - STUDIO, PNG E PDF",https://lh3.googleusercontent.com/u/0/d/1HAFWuXs-t9OJbkHTmh_NbEthOuf-Dzc9=w400-h380-p-k-nu-iv3
1nrxqYLesH6Cg2TrsKa5v2SYVrEz9AzBi,24,16 - STUDIO,https://lh3.googleusercontent.com/u/0/d/1HAFWuXs-t9OJbkHTmh_NbEthOuf-Dzc9=w400-h380-p-k-nu-iv3
1nrxqYLesH6Cg2TrsKa5v2SYVrEz9AzBi,24,"17 - STUDIO, PDF E PNG",https://lh3.googleusercontent.com/u/0/d/1HAFWuXs-t9OJbkHTmh_NbEthOuf-Dzc9=w400-h380-p-k-nu-iv3
1nrxqYLesH6Cg2TrsKa5v2SYVrEz9AzBi,24,18 - STUDIO E PDF,https://lh3.googleusercontent.com/u/0/d/1HAFWuXs-t9OJbkHTmh_NbEthOuf-Dzc9=w400-h380-p-k-nu-iv3
1nrxqYLesH6Cg2TrsKa5v2SYVrEz9AzBi,24,19 - STUDIO E PDF,https://lh3.googleusercontent.com/u/0/d/1HAFWuXs-t9OJbkHTmh_NbEthOuf-Dzc9=w400-h380-p-k-nu-iv3
1nrxqYLesH6Cg2TrsKa5v2SYVrEz9AzBi,24,20 - STUDIO,https://lh3.googleusercontent.com/u/0/d/1HAFWuXs-t9OJbkHTmh_NbEthOuf-Dzc9=w400-h380-p-k-nu-iv3
1nrxqYLesH6Cg2TrsKa5v2SYVrEz9AzBi,24,21(cartão) - STUDIO,https://lh3.googleusercontent.com/u/0/d/1HAFWuXs-t9OJbkHTmh_NbEthOuf-Dzc9=w400-h380-p-k-nu-iv3
1nrxqYLesH6Cg2TrsKa5v2SYVrEz9AzBi,24,22 - STUDIO e PDF,https://lh3.googleusercontent.com/u/0/d/1HAFWuXs-t9OJbkHTmh_NbEthOuf-Dzc9=w400-h380-p-k-nu-iv3
1nrxqYLesH6Cg2TrsKa5v2SYVrEz9AzBi,24,LINDA 20.jpg,https://lh3.googleusercontent.com/u/0/d/1HAFWuXs-t9OJbkHTmh_NbEthOuf-Dzc9=w400-h380-p-k-nu-iv3
1nrxqYLesH6Cg2TrsKa5v2SYVrEz9AzBi,24,LINDA 47.jpg,https://lh3.googleusercontent.com/u/0/d/1HAFWuXs-t9OJbkHTmh_NbEthOuf-Dzc9=w400-h380-p-k-nu-iv3
1sNATrGm1FeMP_vsAN7mi-FJJ1FpMPkz5,5,1 - STUDIO,https://lh3.googleusercontent.com/u/0/d/1K82RTLLvsO4D7B1w_LpIIgtZtkrsfbeA=w400-h380-p-k-nu-iv2
1sNATrGm1FeMP_vsAN7mi-FJJ1FpMPkz5,5,"FEMININO - STUDIO, PNG E PDF",https://lh3.googleusercontent.com/u/0/d/1K82RTLLvsO4D7B1w_LpIIgtZtkrsfbeA=w400-h380-p-k-nu-iv2
1sNATrGm1FeMP_vsAN7mi-FJJ1FpMPkz5,5,FESTA NA CAIXA 1 - STUDIO E PDF,https://lh3.googleusercontent.com/u/0/d/1K82RTLLvsO4D7B1w_LpIIgtZtkrsfbeA=w400-h380-p-k-nu-iv2
1sNATrGm1FeMP_vsAN7mi-FJJ1FpMPkz5,5,FESTA NA CAIXA 2 - STUDIO E PDF,https://lh3.googleusercontent.com/u/0/d/1K82RTLLvsO4D7B1w_LpIIgtZtkrsfbeA=w400-h380-p-k-nu-iv2
1sNATrGm1FeMP_vsAN7mi-FJJ1FpMPkz5,5,"MASCULINO ADULTO - STUDIO, PNG E PDF",https://lh3.googleusercontent.com/u/0/d/1K82RTLLvsO4D7B1w_LpIIgtZtkrsfbeA=w400-h380-p-k-nu-iv2
1-oR_FPVQXsUdZJMmBK1J7_joVRds_wmb,3,AKATSUKI 1 - STUDIO,https://lh3.googleusercontent.com/u/0/d/1NdsK1xZDm0ImbAjtt818bdTWFfKOM-OF=w400-h380-p-k-nu-iv4
1-oR_FPVQXsUdZJMmBK1J7_joVRds_wmb,3,AKATSUKI 2 - STUDIO E PNG,https://lh3.googleusercontent.com/u/0/d/1NdsK1xZDm0ImbAjtt818bdTWFfKOM-OF=w400-h380-p-k-nu-iv4
1-oR_FPVQXsUdZJMmBK1J7_joVRds_wmb,3,"SASUKE 1 - STUDIO, PNG E PDF",https://lh3.googleusercontent.com/u/0/d/1NdsK1xZDm0ImbAjtt818bdTWFfKOM-OF=w400-h380-p-k-nu-iv4
1QF0aAKYZMhaXmp0omM-UKJz-wRL9GgQV,3,1 - STUDIO E PDF,https://lh3.googleusercontent.com/u/0/d/1Z9Elbg3H_qNrsMMlYhfwPK6xnUuCiKfT=w400-h380-p-k-nu-iv3
1QF0aAKYZMhaXmp0omM-UKJz-wRL9GgQV,3,"2 - STUDIO, PNG E PDF",https://lh3.googleusercontent.com/u/0/d/1Z9Elbg3H_qNrsMMlYhfwPK6xnUuCiKfT=w400-h380-p-k-nu-iv3
1QF0aAKYZMhaXmp0omM-UKJz-wRL9GgQV,3,3 - DXF E PDF,https://lh3.googleusercontent.com/u/0/d/1Z9Elbg3H_qNrsMMlYhfwPK6xnUuCiKfT=w400-h380-p-k-nu-iv3
1dxSOyPhVDZf8scB1K7jyUs9dod_CpG1u,44,1 - STUDIO,https://lh3.googleusercontent.com/u/0/d/1XL2VesgOoW89hm5iFEoGdZ66CKyKSdtK=w400-h380-p-k-nu-iv3
1dxSOyPhVDZf8scB1K7jyUs9dod_CpG1u,44,2 - STUDIO,https://lh3.googleusercontent.com/u/0/d/1XL2VesgOoW89hm5iFEoGdZ66CKyKSdtK=w400-h380-p-k-nu-iv3
1dxSOyPhVDZf8scB1K7jyUs9dod_CpG1u,44,3 - STUDIO,https://lh3.googleusercontent.com/u/0/d/1XL2VesgOoW89hm5iFEoGdZ66CKyKSdtK=w400-h380-p-k-nu-iv3
1dxSOyPhVDZf8scB1K7jyUs9dod_CpG1u,44,4 - STUDIO,https://lh3.googleusercontent.com/u/0/d/1XL2VesgOoW89hm5iFEoGdZ66CKyKSdtK=w400-h380-p-k-nu-iv3
1dxSOyPhVDZf8scB1K7jyUs9dod_CpG1u,44,8 - STUDIO,https://lh3.googleusercontent.com/u/0/d/1XL2VesgOoW89hm5iFEoGdZ66CKyKSdtK=w400-h380-p-k-nu-iv3
1dxSOyPhVDZf8scB1K7jyUs9dod_CpG1u,44,9 - STUDIO,https://lh3.googleusercontent.com/u/0/d/1XL2VesgOoW89hm5iFEoGdZ66CKyKSdtK=w400-h380-p-k-nu-iv3
1dxSOyPhVDZf8scB1K7jyUs9dod_CpG1u,44,12 - STUDIO E PDF,https://lh3.googleusercontent.com/u/0/d/1XL2VesgOoW89hm5iFEoGdZ66CKyKSdtK=w400-h380-p-k-nu-iv3
1dxSOyPhVDZf8scB1K7jyUs9dod_CpG1u,44,"13 - STUDIO, PNG E PDF",https://lh3.googleusercontent.com/u/0/d/1XL2VesgOoW89hm5iFEoGdZ66CKyKSdtK=w400-h380-p-k-nu-iv3
1dxSOyPhVDZf8scB1K7jyUs9dod_CpG1u,44,14 - STUDIO,https://lh3.googleusercontent.com/u/0/d/1XL2VesgOoW89hm5iFEoGdZ66CKyKSdtK=w400-h380-p-k-nu-iv3
1dxSOyPhVDZf8scB1K7jyUs9dod_CpG1u,44,15 - STUDIO E PDF,https://lh3.googleusercontent.com/u/0/d/1XL2VesgOoW89hm5iFEoGdZ66CKyKSdtK=w400-h380-p-k-nu-iv3
1dxSOyPhVDZf8scB1K7jyUs9dod_CpG1u,44,16 - STUDIO,https://lh3.googleusercontent.com/u/0/d/1XL2VesgOoW89hm5iFEoGdZ66CKyKSdtK=w400-h380-p-k-nu-iv3
1dxSOyPhVDZf8scB1K7jyUs9dod_CpG1u,44,17 - STUDIO E PDF,https://lh3.googleusercontent.com/u/0/d/1XL2VesgOoW89hm5iFEoGdZ66CKyKSdtK=w400-h380-p-k-nu-iv3
1dxSOyPhVDZf8scB1K7jyUs9dod_CpG1u,44,18 - STUDIO E PDF,https://lh3.googleusercontent.com/u/0/d/1XL2VesgOoW89hm5iFEoGdZ66CKyKSdtK=w400-h380-p-k-nu-iv3
1dxSOyPhVDZf8scB1K7jyUs9dod_CpG1u,44,19 - STUDIO E PDF,https://lh3.googleusercontent.com/u/0/d/1XL2VesgOoW89hm5iFEoGdZ66CKyKSdtK=w400-h380-p-k-nu-iv3
1dxSOyPhVDZf8scB1K7jyUs9dod_CpG1u,44,20 - STUDIO,https://lh3.googleusercontent.com/u/0/d/1XL2VesgOoW89hm5iFEoGdZ66CKyKSdtK=w400-h380-p-k-nu-iv3
1dxSOyPhVDZf8scB1K7jyUs9dod_CpG1u,44,21 - STUDIO E PDF,https://lh3.googleusercontent.com/u/0/d/1XL2VesgOoW89hm5iFEoGdZ66CKyKSdtK=w400-h380-p-k-nu-iv3
1dxSOyPhVDZf8scB1K7jyUs9dod_CpG1u,44,22 - STUDIO E PDF,https://lh3.googleusercontent.com/u/0/d/1XL2VesgOoW89hm5iFEoGdZ66CKyKSdtK=w400-h380-p-k-nu-iv3
1dxSOyPhVDZf8scB1K7jyUs9dod_CpG1u,44,23 - STUDIO E PDF,https://lh3.googleusercontent.com/u/0/d/1XL2VesgOoW89hm5iFEoGdZ66CKyKSdtK=w400-h380-p-k-nu-iv3
1dxSOyPhVDZf8scB1K7jyUs9dod_CpG1u,44,24 - STUDIO E PDF,https://lh3.googleusercontent.com/u/0/d/1XL2VesgOoW89hm5iFEoGdZ66CKyKSdtK=w400-h380-p-k-nu-iv3
1dxSOyPhVDZf8scB1K7jyUs9dod_CpG1u,44,25 - STUDIO,https://lh3.googleusercontent.com/u/0/d/1XL2VesgOoW89hm5iFEoGdZ66CKyKSdtK=w400-h380-p-k-nu-iv3
1dxSOyPhVDZf8scB1K7jyUs9dod_CpG1u,44,26 - STUDIO,https://lh3.googleusercontent.com/u/0/d/1XL2VesgOoW89hm5iFEoGdZ66CKyKSdtK=w400-h380-p-k-nu-iv3
1dxSOyPhVDZf8scB1K7jyUs9dod_CpG1u,44,27 - STUDIO,https://lh3.googleusercontent.com/u/0/d/1XL2VesgOoW89hm5iFEoGdZ66CKyKSdtK=w400-h380-p-k-nu-iv3
1dxSOyPhVDZf8scB1K7jyUs9dod_CpG1u,44,28 - STUDIO,https://lh3.googleusercontent.com/u/0/d/1XL2VesgOoW89hm5iFEoGdZ66CKyKSdtK=w400-h380-p-k-nu-iv3
1dxSOyPhVDZf8scB1K7jyUs9dod_CpG1u,44,29 - STUDIO,https://lh3.googleusercontent.com/u/0/d/1XL2VesgOoW89hm5iFEoGdZ66CKyKSdtK=w400-h380-p-k-nu-iv3
1dxSOyPhVDZf8scB1K7jyUs9dod_CpG1u,44,30 - STUDIO E PDF,https://lh3.googleusercontent.com/u/0/d/1XL2VesgOoW89hm5iFEoGdZ66CKyKSdtK=w400-h380-p-k-nu-iv3
1dxSOyPhVDZf8scB1K7jyUs9dod_CpG1u,44,"31 - STUDIO, PNG E PDF",https://lh3.googleusercontent.com/u/0/d/1XL2VesgOoW89hm5iFEoGdZ66CKyKSdtK=w400-h380-p-k-nu-iv3
1dxSOyPhVDZf8scB1K7jyUs9dod_CpG1u,44,32 - STUDIO E PDF,https://lh3.googleusercontent.com/u/0/d/1XL2VesgOoW89hm5iFEoGdZ66CKyKSdtK=w400-h380-p-k-nu-iv3
1dxSOyPhVDZf8scB1K7jyUs9dod_CpG1u,44,33 - STUDIO,https://lh3.googleusercontent.com/u/0/d/1XL2VesgOoW89hm5iFEoGdZ66CKyKSdtK=w400-h380-p-k-nu-iv3
1dxSOyPhVDZf8scB1K7jyUs9dod_CpG1u,44,34 - STUDIO,https://lh3.googleusercontent.com/u/0/d/1XL2VesgOoW89hm5iFEoGdZ66CKyKSdtK=w400-h380-p-k-nu-iv3
1dxSOyPhVDZf8scB1K7jyUs9dod_CpG1u,44,35 - STUDIO E PDF,https://lh3.googleusercontent.com/u/0/d/1XL2VesgOoW89hm5iFEoGdZ66CKyKSdtK=w400-h380-p-k-nu-iv3
1dxSOyPhVDZf8scB1K7jyUs9dod_CpG1u,44,36 - STUDIO E PDF,https://lh3.googleusercontent.com/u/0/d/1XL2VesgOoW89hm5iFEoGdZ66CKyKSdtK=w400-h380-p-k-nu-iv3
1dxSOyPhVDZf8scB1K7jyUs9dod_CpG1u,44,37 - STUDIO,https://lh3.googleusercontent.com/u/0/d/1XL2VesgOoW89hm5iFEoGdZ66CKyKSdtK=w400-h380-p-k-nu-iv3
1dxSOyPhVDZf8scB1K7jyUs9dod_CpG1u,44,38 - STUDIO,https://lh3.googleusercontent.com/u/0/d/1XL2VesgOoW89hm5iFEoGdZ66CKyKSdtK=w400-h380-p-k-nu-iv3
1dxSOyPhVDZf8scB1K7jyUs9dod_CpG1u,44,39 - STUDIO,https://lh3.googleusercontent.com/u/0/d/1XL2VesgOoW89hm5iFEoGdZ66CKyKSdtK=w400-h380-p-k-nu-iv3
1dxSOyPhVDZf8scB1K7jyUs9dod_CpG1u,44,40 - STUDIO,https://lh3.googleusercontent.com/u/0/d/1XL2VesgOoW89hm5iFEoGdZ66CKyKSdtK=w400-h380-p-k-nu-iv3
1dxSOyPhVDZf8scB1K7jyUs9dod_CpG1u,44,41 - STUDIO E PDF,https://lh3.googleusercontent.com/u/0/d/1XL2VesgOoW89hm5iFEoGdZ66CKyKSdtK=w400-h380-p-k-nu-iv3
1dxSOyPhVDZf8scB1K7jyUs9dod_CpG1u,44,42 - STUDIO E PDF,https://lh3.googleusercontent.com/u/0/d/1XL2VesgOoW89hm5iFEoGdZ66CKyKSdtK=w400-h380-p-k-nu-iv3
1dxSOyPhVDZf8scB1K7jyUs9dod_CpG1u,44,ALICE LUXO - STUDIO,https://lh3.googleusercontent.com/u/0/d/1XL2VesgOoW89hm5iFEoGdZ66CKyKSdtK=w400-h380-p-k-nu-iv3
1dxSOyPhVDZf8scB1K7jyUs9dod_CpG1u,44,ALICE MÁGICA - STUDIO,https://lh3.googleusercontent.com/u/0/d/1XL2VesgOoW89hm5iFEoGdZ66CKyKSdtK=w400-h380-p-k-nu-iv3
1dxSOyPhVDZf8scB1K7jyUs9dod_CpG1u,44,ATRAVÉS DO ESPELHO 1 - STUDIO,https://lh3.googleusercontent.com/u/0/d/1XL2VesgOoW89hm5iFEoGdZ66CKyKSdtK=w400-h380-p-k-nu-iv3
1dxSOyPhVDZf8scB1K7jyUs9dod_CpG1u,44,ATRAVÉS DO ESPELHO 2 - STUDIO,https://lh3.googleusercontent.com/u/0/d/1XL2VesgOoW89hm5iFEoGdZ66CKyKSdtK=w400-h380-p-k-nu-iv3
1dxSOyPhVDZf8scB1K7jyUs9dod_CpG1u,44,FESTA NA CAIXA ALICE - STUDIO E PDF,https://lh3.googleusercontent.com/u/0/d/1XL2VesgOoW89hm5iFEoGdZ66CKyKSdtK=w400-h380-p-k-nu-iv3
1dxSOyPhVDZf8scB1K7jyUs9dod_CpG1u,44,RELÓGIO ALICE - STUDIO,https://lh3.googleusercontent.com/u/0/d/1XL2VesgOoW89hm5iFEoGdZ66CKyKSdtK=w400-h380-p-k-nu-iv3
1dxSOyPhVDZf8scB1K7jyUs9dod_CpG1u,44,"SHAKER - STUDIO, SVG E PDF",https://lh3.googleusercontent.com/u/0/d/1XL2VesgOoW89hm5iFEoGdZ66CKyKSdtK=w400-h380-p-k-nu-iv3
1fKN-0vLuGrMjp9LpOzhgSwSldDQ7OxD-,2,1 - STUDIO,https://lh3.googleusercontent.com/u/0/d/1VH4zbwSbyLNvW2CMnU14N54COftodzVL=w400-h380-p-k-nu-iv2
1fKN-0vLuGrMjp9LpOzhgSwSldDQ7OxD-,2,2 - STUDIO,https://lh3.googleusercontent.com/u/0/d/1VH4zbwSbyLNvW2CMnU14N54COftodzVL=w400-h380-p-k-nu-iv2
1NrpIW1l9A57vhW3tr4X0xrP81wQo7pc8,6,"1 - STUDIO, PDF E PNG",https://lh3.googleusercontent.com/u/0/d/1qpiL3DOYzv7Z93o5Rn3HqYuTuVNIzZ2J=w400-h380-p-k-nu-iv3
1NrpIW1l9A57vhW3tr4X0xrP81wQo7pc8,6,2 - STUDIO E PDF,https://lh3.googleusercontent.com/u/0/d/1qpiL3DOYzv7Z93o5Rn3HqYuTuVNIzZ2J=w400-h380-p-k-nu-iv3
1NrpIW1l9A57vhW3tr4X0xrP81wQo7pc8,6,3 - STUDIO E PDF,https://lh3.googleusercontent.com/u/0/d/1qpiL3DOYzv7Z93o5Rn3HqYuTuVNIzZ2J=w400-h380-p-k-nu-iv3
1NrpIW1l9A57vhW3tr4X0xrP81wQo7pc8,6,4 - STUDIO E PDF,https://lh3.googleusercontent.com/u/0/d/1qpiL3DOYzv7Z93o5Rn3HqYuTuVNIzZ2J=w400-h380-p-k-nu-iv3
1NrpIW1l9A57vhW3tr4X0xrP81wQo7pc8,6,"5 - STUDIO, PNG E PDF",https://lh3.googleusercontent.com/u/0/d/1qpiL3DOYzv7Z93o5Rn3HqYuTuVNIzZ2J=w400-h380-p-k-nu-iv3
1NrpIW1l9A57vhW3tr4X0xrP81wQo7pc8,6,AMONG US 6 - STUDIO,https://lh3.googleusercontent.com/u/0/d/1qpiL3DOYzv7Z93o5Rn3HqYuTuVNIzZ2J=w400-h380-p-k-nu-iv3
1NQiKI-OZBLjZecR6107KCzc3IyNZ1Evd,3,1 - STUDIO,https://lh3.googleusercontent.com/u/0/d/1rEQBKFCJIetiz_iN8XPOVLPRSI6f-gEo=w400-h380-p-k-nu-iv3
1NQiKI-OZBLjZecR6107KCzc3IyNZ1Evd,3,"3 - STUDIO, PNG E PDF",https://lh3.googleusercontent.com/u/0/d/1rEQBKFCJIetiz_iN8XPOVLPRSI6f-gEo=w400-h380-p-k-nu-iv3
1NQiKI-OZBLjZecR6107KCzc3IyNZ1Evd,3,4 - STUDIO,https://lh3.googleusercontent.com/u/0/d/1rEQBKFCJIetiz_iN8XPOVLPRSI6f-gEo=w400-h380-p-k-nu-iv3
1sfaVatCq1tG3qeqOTjf_BvZfH92m1edL,1,1 - STUDIO E PDF,https://lh3.googleusercontent.com/u/0/d/1ISeOG2PieJItg3st01VKYxcB8xWNYxUb=w400-h380-p-k-nu-iv3
1J-ONAdRHZ2too66d8lzgrS7K2uqd3ktK,1,1- STUDIO E PDF,https://lh3.googleusercontent.com/u/0/d/1zYXxLJW8NkK1TcoqYrRNl-PW4P61kPhO=w400-h380-p-k-nu-iv3
1qvC5CwhwxAH8G6cfsmRta1AzxAHgJ34V,1,1 - STUDIO,https://lh3.googleusercontent.com/u/0/d/1bU7nlQsyvYQesqNV7q8gzRaqwzoApZOO=w400-h380-p-k-nu-iv2
1g78wCLfTeUs-p6Pfy28iwf2kZZQa7oIJ,4,1 - STUDIO,https://lh3.googleusercontent.com/u/0/d/1Zvhgt0jCr_HUWKNe8YxvV0SRvTHB2wQZ=w400-h380-p-k-nu-iv3
1g78wCLfTeUs-p6Pfy28iwf2kZZQa7oIJ,4,"2 - STUDIO, PNG E PDF",https://lh3.googleusercontent.com/u/0/d/1Zvhgt0jCr_HUWKNe8YxvV0SRvTHB2wQZ=w400-h380-p-k-nu-iv3
1g78wCLfTeUs-p6Pfy28iwf2kZZQa7oIJ,4,3 - STUDIO,https://lh3.googleusercontent.com/u/0/d/1Zvhgt0jCr_HUWKNe8YxvV0SRvTHB2wQZ=w400-h380-p-k-nu-iv3
1g78wCLfTeUs-p6Pfy28iwf2kZZQa7oIJ,4,4 - STUDIO E PDF,https://lh3.googleusercontent.com/u/0/d/1Zvhgt0jCr_HUWKNe8YxvV0SRvTHB2wQZ=w400-h380-p-k-nu-iv3
1pLVVsxEItayRM-kkxWsjmHw44kdZBcGf,40,1 - STUDIO,https://lh3.googleusercontent.com/u/0/d/1IRmLR5t99p8eXEXnEQjwzlR_HWquJ7ou=w400-h380-p-k-nu-iv3
1pLVVsxEItayRM-kkxWsjmHw44kdZBcGf,40,2 - STUDIO,https://lh3.googleusercontent.com/u/0/d/1IRmLR5t99p8eXEXnEQjwzlR_HWquJ7ou=w400-h380-p-k-nu-iv3
1pLVVsxEItayRM-kkxWsjmHw44kdZBcGf,40,3 - STUDIO,https://lh3.googleusercontent.com/u/0/d/1IRmLR5t99p8eXEXnEQjwzlR_HWquJ7ou=w400-h380-p-k-nu-iv3
1pLVVsxEItayRM-kkxWsjmHw44kdZBcGf,40,4 - STUDIO,https://lh3.googleusercontent.com/u/0/d/1IRmLR5t99p8eXEXnEQjwzlR_HWquJ7ou=w400-h380-p-k-nu-iv3
1pLVVsxEItayRM-kkxWsjmHw44kdZBcGf,40,5 - STUDIO,https://lh3.googleusercontent.com/u/0/d/1IRmLR5t99p8eXEXnEQjwzlR_HWquJ7ou=w400-h380-p-k-nu-iv3
1pLVVsxEItayRM-kkxWsjmHw44kdZBcGf,40,6 - STUDIO,https://lh3.googleusercontent.com/u/0/d/1IRmLR5t99p8eXEXnEQjwzlR_HWquJ7ou=w400-h380-p-k-nu-iv3
1pLVVsxEItayRM-kkxWsjmHw44kdZBcGf,40,7 - STUDIO,https://lh3.googleusercontent.com/u/0/d/1IRmLR5t99p8eXEXnEQjwzlR_HWquJ7ou=w400-h380-p-k-nu-iv3
1pLVVsxEItayRM-kkxWsjmHw44kdZBcGf,40,8 - STUDIO,https://lh3.googleusercontent.com/u/0/d/1IRmLR5t99p8eXEXnEQjwzlR_HWquJ7ou=w400-h380-p-k-nu-iv3
1pLVVsxEItayRM-kkxWsjmHw44kdZBcGf,40,9 - STUDIO,https://lh3.googleusercontent.com/u/0/d/1IRmLR5t99p8eXEXnEQjwzlR_HWquJ7ou=w400-h380-p-k-nu-iv3
1pLVVsxEItayRM-kkxWsjmHw44kdZBcGf,40,11 - STUDIO,https://lh3.googleusercontent.com/u/0/d/1IRmLR5t99p8eXEXnEQjwzlR_HWquJ7ou=w400-h380-p-k-nu-iv3
1pLVVsxEItayRM-kkxWsjmHw44kdZBcGf,40,12 - STUDIO E PDF,https://lh3.googleusercontent.com/u/0/d/1IRmLR5t99p8eXEXnEQjwzlR_HWquJ7ou=w400-h380-p-k-nu-iv3
1pLVVsxEItayRM-kkxWsjmHw44kdZBcGf,40,13 - STUDIO E PDF,https://lh3.googleusercontent.com/u/0/d/1IRmLR5t99p8eXEXnEQjwzlR_HWquJ7ou=w400-h380-p-k-nu-iv3
1pLVVsxEItayRM-kkxWsjmHw44kdZBcGf,40,14 - STUDIO E PDF,https://lh3.googleusercontent.com/u/0/d/1IRmLR5t99p8eXEXnEQjwzlR_HWquJ7ou=w400-h380-p-k-nu-iv3
1pLVVsxEItayRM-kkxWsjmHw44kdZBcGf,40,"15 - STUDIO, PNG E PDF",https://lh3.googleusercontent.com/u/0/d/1IRmLR5t99p8eXEXnEQjwzlR_HWquJ7ou=w400-h380-p-k-nu-iv3
1pLVVsxEItayRM-kkxWsjmHw44kdZBcGf,40,16 - STUDIO,https://lh3.googleusercontent.com/u/0/d/1IRmLR5t99p8eXEXnEQjwzlR_HWquJ7ou=w400-h380-p-k-nu-iv3
1pLVVsxEItayRM-kkxWsjmHw44kdZBcGf,40,17 - JPG,https://lh3.googleusercontent.com/u/0/d/1IRmLR5t99p8eXEXnEQjwzlR_HWquJ7ou=w400-h380-p-k-nu-iv3
1pLVVsxEItayRM-kkxWsjmHw44kdZBcGf,40,18 - DXF E JPG,https://lh3.googleusercontent.com/u/0/d/1IRmLR5t99p8eXEXnEQjwzlR_HWquJ7ou=w400-h380-p-k-nu-iv3
1pLVVsxEItayRM-kkxWsjmHw44kdZBcGf,40,19 - JPG,https://lh3.googleusercontent.com/u/0/d/1IRmLR5t99p8eXEXnEQjwzlR_HWquJ7ou=w400-h380-p-k-nu-iv3
1pLVVsxEItayRM-kkxWsjmHw44kdZBcGf,40,20 - DXF E JPG,https://lh3.googleusercontent.com/u/0/d/1IRmLR5t99p8eXEXnEQjwzlR_HWquJ7ou=w400-h380-p-k-nu-iv3
1pLVVsxEItayRM-kkxWsjmHw44kdZBcGf,40,21 - DXF E JPG,https://lh3.googleusercontent.com/u/0/d/1IRmLR5t99p8eXEXnEQjwzlR_HWquJ7ou=w400-h380-p-k-nu-iv3
1pLVVsxEItayRM-kkxWsjmHw44kdZBcGf,40,22 - JPG,https://lh3.googleusercontent.com/u/0/d/1IRmLR5t99p8eXEXnEQjwzlR_HWquJ7ou=w400-h380-p-k-nu-iv3
1pLVVsxEItayRM-kkxWsjmHw44kdZBcGf,40,"23 - STUDIO, PNG E PDF",https://lh3.googleusercontent.com/u/0/d/1IRmLR5t99p8eXEXnEQjwzlR_HWquJ7ou=w400-h380-p-k-nu-iv3
1pLVVsxEItayRM-kkxWsjmHw44kdZBcGf,40,24 - STUDIO E PDF,https://lh3.googleusercontent.com/u/0/d/1IRmLR5t99p8eXEXnEQjwzlR_HWquJ7ou=w400-h380-p-k-nu-iv3
1pLVVsxEItayRM-kkxWsjmHw44kdZBcGf,40,25 - STUDIO E PDF,https://lh3.googleusercontent.com/u/0/d/1IRmLR5t99p8eXEXnEQjwzlR_HWquJ7ou=w400-h380-p-k-nu-iv3
1pLVVsxEItayRM-kkxWsjmHw44kdZBcGf,40,26 - STUDIO E PDF,https://lh3.googleusercontent.com/u/0/d/1IRmLR5t99p8eXEXnEQjwzlR_HWquJ7ou=w400-h380-p-k-nu-iv3
1pLVVsxEItayRM-kkxWsjmHw44kdZBcGf,40,27 - STUDIO E PDF,https://lh3.googleusercontent.com/u/0/d/1IRmLR5t99p8eXEXnEQjwzlR_HWquJ7ou=w400-h380-p-k-nu-iv3
1pLVVsxEItayRM-kkxWsjmHw44kdZBcGf,40,28 - STUDIO E PDF,https://lh3.googleusercontent.com/u/0/d/1IRmLR5t99p8eXEXnEQjwzlR_HWquJ7ou=w400-h380-p-k-nu-iv3
1pLVVsxEItayRM-kkxWsjmHw44kdZBcGf,40,29 - STUDIO E PDF,https://lh3.googleusercontent.com/u/0/d/1IRmLR5t99p8eXEXnEQjwzlR_HWquJ7ou=w400-h380-p-k-nu-iv3
1pLVVsxEItayRM-kkxWsjmHw44kdZBcGf,40,30 - STUDIO E PDF,https://lh3.googleusercontent.com/u/0/d/1IRmLR5t99p8eXEXnEQjwzlR_HWquJ7ou=w400-h380-p-k-nu-iv3
1pLVVsxEItayRM-kkxWsjmHw44kdZBcGf,40,31 - STUDIO E PDF,https://lh3.googleusercontent.com/u/0/d/1IRmLR5t99p8eXEXnEQjwzlR_HWquJ7ou=w400-h380-p-k-nu-iv3
1pLVVsxEItayRM-kkxWsjmHw44kdZBcGf,40,32 - STUDIO E PDF,https://lh3.googleusercontent.com/u/0/d/1IRmLR5t99p8eXEXnEQjwzlR_HWquJ7ou=w400-h380-p-k-nu-iv3
1pLVVsxEItayRM-kkxWsjmHw44kdZBcGf,40,33 - STUDIO E PDF,https://lh3.googleusercontent.com/u/0/d/1IRmLR5t99p8eXEXnEQjwzlR_HWquJ7ou=w400-h380-p-k-nu-iv3
1pLVVsxEItayRM-kkxWsjmHw44kdZBcGf,40,CAIXA 6 DOCES 1 - STUDIO E PDF,https://lh3.googleusercontent.com/u/0/d/1IRmLR5t99p8eXEXnEQjwzlR_HWquJ7ou=w400-h380-p-k-nu-iv3
1pLVVsxEItayRM-kkxWsjmHw44kdZBcGf,40,CAIXA ANIVERSÁRIO 1 - STUDIO E PDF,https://lh3.googleusercontent.com/u/0/d/1IRmLR5t99p8eXEXnEQjwzlR_HWquJ7ou=w400-h380-p-k-nu-iv3
1pLVVsxEItayRM-kkxWsjmHw44kdZBcGf,40,CAIXA ANIVERSÁRIO 2 - STUDIO E PDF,https://lh3.googleusercontent.com/u/0/d/1IRmLR5t99p8eXEXnEQjwzlR_HWquJ7ou=w400-h380-p-k-nu-iv3
1pLVVsxEItayRM-kkxWsjmHw44kdZBcGf,40,CAIXA FELIZ ANIVERSÁRIO 1 - STUDIO E PDF,https://lh3.googleusercontent.com/u/0/d/1IRmLR5t99p8eXEXnEQjwzlR_HWquJ7ou=w400-h380-p-k-nu-iv3
1pLVVsxEItayRM-kkxWsjmHw44kdZBcGf,40,"CX EXPLOSÃO AZUL - STUDIO, PNG E PDF",https://lh3.googleusercontent.com/u/0/d/1IRmLR5t99p8eXEXnEQjwzlR_HWquJ7ou=w400-h380-p-k-nu-iv3
1pLVVsxEItayRM-kkxWsjmHw44kdZBcGf,40,"CX EXPLOSÃO BALÕES - STUDIO, PNG E PDF",https://lh3.googleusercontent.com/u/0/d/1IRmLR5t99p8eXEXnEQjwzlR_HWquJ7ou=w400-h380-p-k-nu-iv3
1pLVVsxEItayRM-kkxWsjmHw44kdZBcGf,40,FESTA NA CAIXA PARABÉNS 1 - STUDIO E PDF,https://lh3.googleusercontent.com/u/0/d/1IRmLR5t99p8eXEXnEQjwzlR_HWquJ7ou=w400-h380-p-k-nu-iv3
1pLVVsxEItayRM-kkxWsjmHw44kdZBcGf,40,FESTA NA CAIXA PARABÉNS 2 - STUDIO E PDF,https://lh3.googleusercontent.com/u/0/d/1IRmLR5t99p8eXEXnEQjwzlR_HWquJ7ou=w400-h380-p-k-nu-iv3
1FqmhZD7wjn3zXH7KgclpBaa-ol0cLs2F,2,1 - STUDIO E PDF,https://lh3.googleusercontent.com/u/0/d/1vmptUBa2QGJeRAjM_3y01Rx3QeQjaoLl=w400-h380-p-k-nu-iv3
1FqmhZD7wjn3zXH7KgclpBaa-ol0cLs2F,2,2 - STUDIO E PDF,https://lh3.googleusercontent.com/u/0/d/1vmptUBa2QGJeRAjM_3y01Rx3QeQjaoLl=w400-h380-p-k-nu-iv3
120Eywb0vOUB9e05C8UTjCvcoP4sg4V15,10,1 - STUDIO,https://lh3.googleusercontent.com/u/0/d/1TbMJNtd4cMHMDtuj15Agg5i9IrYMN3zP=w400-h380-p-k-nu-iv2
120Eywb0vOUB9e05C8UTjCvcoP4sg4V15,10,3 - STUDIO E PDF,https://lh3.googleusercontent.com/u/0/d/1TbMJNtd4cMHMDtuj15Agg5i9IrYMN3zP=w400-h380-p-k-nu-iv2
120Eywb0vOUB9e05C8UTjCvcoP4sg4V15,10,"4 - STUDIO, PDF E PNG",https://lh3.googleusercontent.com/u/0/d/1TbMJNtd4cMHMDtuj15Agg5i9IrYMN3zP=w400-h380-p-k-nu-iv2
120Eywb0vOUB9e05C8UTjCvcoP4sg4V15,10,5 - STUDIO E PDF,https://lh3.googleusercontent.com/u/0/d/1TbMJNtd4cMHMDtuj15Agg5i9IrYMN3zP=w400-h380-p-k-nu-iv2
120Eywb0vOUB9e05C8UTjCvcoP4sg4V15,10,6 - STUDIO E PDF,https://lh3.googleusercontent.com/u/0/d/1TbMJNtd4cMHMDtuj15Agg5i9IrYMN3zP=w400-h380-p-k-nu-iv2
120Eywb0vOUB9e05C8UTjCvcoP4sg4V15,10,7 - STUDIO E PDF,https://lh3.googleusercontent.com/u/0/d/1TbMJNtd4cMHMDtuj15Agg5i9IrYMN3zP=w400-h380-p-k-nu-iv2
120Eywb0vOUB9e05C8UTjCvcoP4sg4V15,10,8 - PNG,https://lh3.googleusercontent.com/u/0/d/1TbMJNtd4cMHMDtuj15Agg5i9IrYMN3zP=w400-h380-p-k-nu-iv2
120Eywb0vOUB9e05C8UTjCvcoP4sg4V15,10,9 - STUDIO,https://lh3.googleusercontent.com/u/0/d/1TbMJNtd4cMHMDtuj15Agg5i9IrYMN3zP=w400-h380-p-k-nu-iv2
120Eywb0vOUB9e05C8UTjCvcoP4sg4V15,10,"10 - studio, png e pdf",https://lh3.googleusercontent.com/u/0/d/1TbMJNtd4cMHMDtuj15Agg5i9IrYMN3zP=w400-h380-p-k-nu-iv2
120Eywb0vOUB9e05C8UTjCvcoP4sg4V15,10,CESTA ANO NOVO 1 - STUDIO E PDF,https://lh3.googleusercontent.com/u/0/d/1TbMJNtd4cMHMDtuj15Agg5i9IrYMN3zP=w400-h380-p-k-nu-iv2
1Ddo8Z5A7j8p1jk2WqHGslbpMurxDSXdu,5,"ANOS 60 1 - STUDIO, PNG E PDF",https://lh3.googleusercontent.com/u/0/d/1DwFHBDDqyu1VznXpFrFpA_Hj0c_4s7va=w400-h380-p-k-nu-iv4
1Ddo8Z5A7j8p1jk2WqHGslbpMurxDSXdu,5,ANOS 60 2 - STUDIO,https://lh3.googleusercontent.com/u/0/d/1DwFHBDDqyu1VznXpFrFpA_Hj0c_4s7va=w400-h380-p-k-nu-iv4
1Ddo8Z5A7j8p1jk2WqHGslbpMurxDSXdu,5,ANOS 80 - STUDIO,https://lh3.googleusercontent.com/u/0/d/1DwFHBDDqyu1VznXpFrFpA_Hj0c_4s7va=w400-h380-p-k-nu-iv4
1Ddo8Z5A7j8p1jk2WqHGslbpMurxDSXdu,5,ANOS 80 2 - STUDIO E PDF.jpg,https://lh3.googleusercontent.com/u/0/d/1DwFHBDDqyu1VznXpFrFpA_Hj0c_4s7va=w400-h380-p-k-nu-iv4
1Ddo8Z5A7j8p1jk2WqHGslbpMurxDSXdu,5,Anos 80 3 - STUDIO,https://lh3.googleusercontent.com/u/0/d/1DwFHBDDqyu1VznXpFrFpA_Hj0c_4s7va=w400-h380-p-k-nu-iv4
18i8ttPKTNmA2BI2zt7UKHfl38BHeaZsb,4,AQUARELA DOCES - STUDIO,https://lh3.googleusercontent.com/u/0/d/1LdbkwP3YkAWfKMV43mAvuMEDeay5qx2G=w400-h380-p-k-nu-iv2
18i8ttPKTNmA2BI2zt7UKHfl38BHeaZsb,4,"MENINA - DXF, SVG E PDF",https://lh3.googleusercontent.com/u/0/d/1LdbkwP3YkAWfKMV43mAvuMEDeay5qx2G=w400-h380-p-k-nu-iv2
18i8ttPKTNmA2BI2zt7UKHfl38BHeaZsb,4,"MENINO - DXF, SVG E PDF",https://lh3.googleusercontent.com/u/0/d/1LdbkwP3YkAWfKMV43mAvuMEDeay5qx2G=w400-h380-p-k-nu-iv2
18i8ttPKTNmA2BI2zt7UKHfl38BHeaZsb,4,"TOQUINHO STUDIO,PNG E PDF",https://lh3.googleusercontent.com/u/0/d/1LdbkwP3YkAWfKMV43mAvuMEDeay5qx2G=w400-h380-p-k-nu-iv2
1VG6cIDgk-87rc1q_h3vmlqaX6CGj454z,21,1- STUDIO,https://lh3.googleusercontent.com/u/0/d/1r3qmZOkLROJ5atC7njOZnmkAktNWOI7s=w400-h380-p-k-nu-iv3
1VG6cIDgk-87rc1q_h3vmlqaX6CGj454z,21,2 - STUDIO,https://lh3.googleusercontent.com/u/0/d/1r3qmZOkLROJ5atC7njOZnmkAktNWOI7s=w400-h380-p-k-nu-iv3
1VG6cIDgk-87rc1q_h3vmlqaX6CGj454z,21,3 - STUDIO,https://lh3.googleusercontent.com/u/0/d/1r3qmZOkLROJ5atC7njOZnmkAktNWOI7s=w400-h380-p-k-nu-iv3
1VG6cIDgk-87rc1q_h3vmlqaX6CGj454z,21,5 - STUDIO E PDF,https://lh3.googleusercontent.com/u/0/d/1r3qmZOkLROJ5atC7njOZnmkAktNWOI7s=w400-h380-p-k-nu-iv3
1VG6cIDgk-87rc1q_h3vmlqaX6CGj454z,21,"6 - STUDIO, PDF E PNG",https://lh3.googleusercontent.com/u/0/d/1r3qmZOkLROJ5atC7njOZnmkAktNWOI7s=w400-h380-p-k-nu-iv3
1VG6cIDgk-87rc1q_h3vmlqaX6CGj454z,21,7 - STUDIO E PDF,https://lh3.googleusercontent.com/u/0/d/1r3qmZOkLROJ5atC7njOZnmkAktNWOI7s=w400-h380-p-k-nu-iv3
1VG6cIDgk-87rc1q_h3vmlqaX6CGj454z,21,8 - STUDIO E PDF,https://lh3.googleusercontent.com/u/0/d/1r3qmZOkLROJ5atC7njOZnmkAktNWOI7s=w400-h380-p-k-nu-iv3
1VG6cIDgk-87rc1q_h3vmlqaX6CGj454z,21,9 - STUDIO,https://lh3.googleusercontent.com/u/0/d/1r3qmZOkLROJ5atC7njOZnmkAktNWOI7s=w400-h380-p-k-nu-iv3
1VG6cIDgk-87rc1q_h3vmlqaX6CGj454z,21,10 - STUDIO E PDF,https://lh3.googleusercontent.com/u/0/d/1r3qmZOkLROJ5atC7njOZnmkAktNWOI7s=w400-h380-p-k-nu-iv3
1VG6cIDgk-87rc1q_h3vmlqaX6CGj454z,21,11 - STUDIO E PDF,https://lh3.googleusercontent.com/u/0/d/1r3qmZOkLROJ5atC7njOZnmkAktNWOI7s=w400-h380-p-k-nu-iv3
1VG6cIDgk-87rc1q_h3vmlqaX6CGj454z,21,13 - STUDIO E PDF,https://lh3.googleusercontent.com/u/0/d/1r3qmZOkLROJ5atC7njOZnmkAktNWOI7s=w400-h380-p-k-nu-iv3
1VG6cIDgk-87rc1q_h3vmlqaX6CGj454z,21,14 - STUDIO,https://lh3.googleusercontent.com/u/0/d/1r3qmZOkLROJ5atC7njOZnmkAktNWOI7s=w400-h380-p-k-nu-iv3
1VG6cIDgk-87rc1q_h3vmlqaX6CGj454z,21,"15 - DXF, PDF E SVG",https://lh3.googleusercontent.com/u/0/d/1r3qmZOkLROJ5atC7njOZnmkAktNWOI7s=w400-h380-p-k-nu-iv3
1VG6cIDgk-87rc1q_h3vmlqaX6CGj454z,21,"16 - DXF, PDF E SVG",https://lh3.googleusercontent.com/u/0/d/1r3qmZOkLROJ5atC7njOZnmkAktNWOI7s=w400-h380-p-k-nu-iv3
1VG6cIDgk-87rc1q_h3vmlqaX6CGj454z,21,17 - STUDIO,https://lh3.googleusercontent.com/u/0/d/1r3qmZOkLROJ5atC7njOZnmkAktNWOI7s=w400-h380-p-k-nu-iv3
1VG6cIDgk-87rc1q_h3vmlqaX6CGj454z,21,18 - STUDIO,https://lh3.googleusercontent.com/u/0/d/1r3qmZOkLROJ5atC7njOZnmkAktNWOI7s=w400-h380-p-k-nu-iv3
1VG6cIDgk-87rc1q_h3vmlqaX6CGj454z,21,19 - STUDIO,https://lh3.googleusercontent.com/u/0/d/1r3qmZOkLROJ5atC7njOZnmkAktNWOI7s=w400-h380-p-k-nu-iv3
1VG6cIDgk-87rc1q_h3vmlqaX6CGj454z,21,20 - STUDIO,https://lh3.googleusercontent.com/u/0/d/1r3qmZOkLROJ5atC7njOZnmkAktNWOI7s=w400-h380-p-k-nu-iv3
1VG6cIDgk-87rc1q_h3vmlqaX6CGj454z,21,ROSA 1 - STUDIO,https://lh3.googleusercontent.com/u/0/d/1r3qmZOkLROJ5atC7njOZnmkAktNWOI7s=w400-h380-p-k-nu-iv3
1VG6cIDgk-87rc1q_h3vmlqaX6CGj454z,21,ROSA 2 - STUDIO,https://lh3.googleusercontent.com/u/0/d/1r3qmZOkLROJ5atC7njOZnmkAktNWOI7s=w400-h380-p-k-nu-iv3
1VG6cIDgk-87rc1q_h3vmlqaX6CGj454z,21,"ROSA 3 - STUDIO, PNG E PDF",https://lh3.googleusercontent.com/u/0/d/1r3qmZOkLROJ5atC7njOZnmkAktNWOI7s=w400-h380-p-k-nu-iv3
1RMOe_2BYCMLEWVw_edK27_i1Bh2M5ugy,5,"1 - STUDIO, PNG E PDF",https://lh3.googleusercontent.com/u/0/d/13BaDXeUbtsgFPafXYSP-9CxicTQHGqEz=w400-h380-p-k-nu-iv2
1RMOe_2BYCMLEWVw_edK27_i1Bh2M5ugy,5,"ARCO IRIS BOHO 1 - DXF, PNG E PDF",https://lh3.googleusercontent.com/u/0/d/13BaDXeUbtsgFPafXYSP-9CxicTQHGqEz=w400-h380-p-k-nu-iv2
1RMOe_2BYCMLEWVw_edK27_i1Bh2M5ugy,5,ARCO IRIS BOHO 2 - STUDIO,https://lh3.googleusercontent.com/u/0/d/13BaDXeUbtsgFPafXYSP-9CxicTQHGqEz=w400-h380-p-k-nu-iv2
1RMOe_2BYCMLEWVw_edK27_i1Bh2M5ugy,5,ARCO IRIS BOHO 3 - STUDIO,https://lh3.googleusercontent.com/u/0/d/13BaDXeUbtsgFPafXYSP-9CxicTQHGqEz=w400-h380-p-k-nu-iv2
1RMOe_2BYCMLEWVw_edK27_i1Bh2M5ugy,5,ARCO IRIS BOHO 4 - STUDIO,https://lh3.googleusercontent.com/u/0/d/13BaDXeUbtsgFPafXYSP-9CxicTQHGqEz=w400-h380-p-k-nu-iv2
1f_dVNFSklk2nsmFO_qH5DFCgR_Ge1N7Q,28,4 - STUDIO,https://lh3.googleusercontent.com/u/0/d/1jD6aGY4Po4qAFBt9Orkc0JK8xPahz7H2=w400-h380-p-k-nu-iv3
1f_dVNFSklk2nsmFO_qH5DFCgR_Ge1N7Q,28,5 - STUDIO,https://lh3.googleusercontent.com/u/0/d/1jD6aGY4Po4qAFBt9Orkc0JK8xPahz7H2=w400-h380-p-k-nu-iv3
1f_dVNFSklk2nsmFO_qH5DFCgR_Ge1N7Q,28,6 - STUDIO,https://lh3.googleusercontent.com/u/0/d/1jD6aGY4Po4qAFBt9Orkc0JK8xPahz7H2=w400-h380-p-k-nu-iv3
1f_dVNFSklk2nsmFO_qH5DFCgR_Ge1N7Q,28,7 - STUDIO E PDF,https://lh3.googleusercontent.com/u/0/d/1jD6aGY4Po4qAFBt9Orkc0JK8xPahz7H2=w400-h380-p-k-nu-iv3
1f_dVNFSklk2nsmFO_qH5DFCgR_Ge1N7Q,28,8 - STUDIO E PDF,https://lh3.googleusercontent.com/u/0/d/1jD6aGY4Po4qAFBt9Orkc0JK8xPahz7H2=w400-h380-p-k-nu-iv3
1f_dVNFSklk2nsmFO_qH5DFCgR_Ge1N7Q,28,"9 - STUDIO, PNG E PDF",https://lh3.googleusercontent.com/u/0/d/1jD6aGY4Po4qAFBt9Orkc0JK8xPahz7H2=w400-h380-p-k-nu-iv3
1f_dVNFSklk2nsmFO_qH5DFCgR_Ge1N7Q,28,10 - STUDIO,https://lh3.googleusercontent.com/u/0/d/1jD6aGY4Po4qAFBt9Orkc0JK8xPahz7H2=w400-h380-p-k-nu-iv3
1f_dVNFSklk2nsmFO_qH5DFCgR_Ge1N7Q,28,11 - STUDIO,https://lh3.googleusercontent.com/u/0/d/1jD6aGY4Po4qAFBt9Orkc0JK8xPahz7H2=w400-h380-p-k-nu-iv3
1f_dVNFSklk2nsmFO_qH5DFCgR_Ge1N7Q,28,12 - STUDIO E PDF,https://lh3.googleusercontent.com/u/0/d/1jD6aGY4Po4qAFBt9Orkc0JK8xPahz7H2=w400-h380-p-k-nu-iv3
1f_dVNFSklk2nsmFO_qH5DFCgR_Ge1N7Q,28,13 - STUDIO,https://lh3.googleusercontent.com/u/0/d/1jD6aGY4Po4qAFBt9Orkc0JK8xPahz7H2=w400-h380-p-k-nu-iv3
1f_dVNFSklk2nsmFO_qH5DFCgR_Ge1N7Q,28,14 - STUDIO E PDF,https://lh3.googleusercontent.com/u/0/d/1jD6aGY4Po4qAFBt9Orkc0JK8xPahz7H2=w400-h380-p-k-nu-iv3
1f_dVNFSklk2nsmFO_qH5DFCgR_Ge1N7Q,28,15 - STUDIO E PDF,https://lh3.googleusercontent.com/u/0/d/1jD6aGY4Po4qAFBt9Orkc0JK8xPahz7H2=w400-h380-p-k-nu-iv3
1f_dVNFSklk2nsmFO_qH5DFCgR_Ge1N7Q,28,16 - STUDIO E PDF,https://lh3.googleusercontent.com/u/0/d/1jD6aGY4Po4qAFBt9Orkc0JK8xPahz7H2=w400-h380-p-k-nu-iv3
1f_dVNFSklk2nsmFO_qH5DFCgR_Ge1N7Q,28,17 - STUDIO E PDF,https://lh3.googleusercontent.com/u/0/d/1jD6aGY4Po4qAFBt9Orkc0JK8xPahz7H2=w400-h380-p-k-nu-iv3
1f_dVNFSklk2nsmFO_qH5DFCgR_Ge1N7Q,28,18 - STUDIO,https://lh3.googleusercontent.com/u/0/d/1jD6aGY4Po4qAFBt9Orkc0JK8xPahz7H2=w400-h380-p-k-nu-iv3
1f_dVNFSklk2nsmFO_qH5DFCgR_Ge1N7Q,28,21 - STUDIO,https://lh3.googleusercontent.com/u/0/d/1jD6aGY4Po4qAFBt9Orkc0JK8xPahz7H2=w400-h380-p-k-nu-iv3
1f_dVNFSklk2nsmFO_qH5DFCgR_Ge1N7Q,28,22 - STUDIO,https://lh3.googleusercontent.com/u/0/d/1jD6aGY4Po4qAFBt9Orkc0JK8xPahz7H2=w400-h380-p-k-nu-iv3
1f_dVNFSklk2nsmFO_qH5DFCgR_Ge1N7Q,28,"23 - STUDIO, PNG E PDF",https://lh3.googleusercontent.com/u/0/d/1jD6aGY4Po4qAFBt9Orkc0JK8xPahz7H2=w400-h380-p-k-nu-iv3
1f_dVNFSklk2nsmFO_qH5DFCgR_Ge1N7Q,28,24 - STUDIO E PDF,https://lh3.googleusercontent.com/u/0/d/1jD6aGY4Po4qAFBt9Orkc0JK8xPahz7H2=w400-h380-p-k-nu-iv3
1f_dVNFSklk2nsmFO_qH5DFCgR_Ge1N7Q,28,25 - STUDIO E PDF,https://lh3.googleusercontent.com/u/0/d/1jD6aGY4Po4qAFBt9Orkc0JK8xPahz7H2=w400-h380-p-k-nu-iv3
1f_dVNFSklk2nsmFO_qH5DFCgR_Ge1N7Q,28,26 - STUDIO E PDF,https://lh3.googleusercontent.com/u/0/d/1jD6aGY4Po4qAFBt9Orkc0JK8xPahz7H2=w400-h380-p-k-nu-iv3
1f_dVNFSklk2nsmFO_qH5DFCgR_Ge1N7Q,28,27 - STUDIO,https://lh3.googleusercontent.com/u/0/d/1jD6aGY4Po4qAFBt9Orkc0JK8xPahz7H2=w400-h380-p-k-nu-iv3
1f_dVNFSklk2nsmFO_qH5DFCgR_Ge1N7Q,28,28 - STUDIO,https://lh3.googleusercontent.com/u/0/d/1jD6aGY4Po4qAFBt9Orkc0JK8xPahz7H2=w400-h380-p-k-nu-iv3
1f_dVNFSklk2nsmFO_qH5DFCgR_Ge1N7Q,28,CUTE,https://lh3.googleusercontent.com/u/0/d/1jD6aGY4Po4qAFBt9Orkc0JK8xPahz7H2=w400-h380-p-k-nu-iv3
1f_dVNFSklk2nsmFO_qH5DFCgR_Ge1N7Q,28,FESTA NA CAIXA ARIEL 2 - STUDIO E PDF,https://lh3.googleusercontent.com/u/0/d/1jD6aGY4Po4qAFBt9Orkc0JK8xPahz7H2=w400-h380-p-k-nu-iv3
1f_dVNFSklk2nsmFO_qH5DFCgR_Ge1N7Q,28,FESTA NA CAIXA1 - STUDIO E PDF,https://lh3.googleusercontent.com/u/0/d/1jD6aGY4Po4qAFBt9Orkc0JK8xPahz7H2=w400-h380-p-k-nu-iv3
1f_dVNFSklk2nsmFO_qH5DFCgR_Ge1N7Q,28,JOGO DA MEMÓRIA - STUDIO,https://lh3.googleusercontent.com/u/0/d/1jD6aGY4Po4qAFBt9Orkc0JK8xPahz7H2=w400-h380-p-k-nu-iv3
1f_dVNFSklk2nsmFO_qH5DFCgR_Ge1N7Q,28,MALETA EXPLOSIVA - STUDIO E PDF,https://lh3.googleusercontent.com/u/0/d/1jD6aGY4Po4qAFBt9Orkc0JK8xPahz7H2=w400-h380-p-k-nu-iv3
1Lx3mXnHi0b1DMxxLfu-WeD-juqGvII1q,10,1 - STUDIO.jpeg,https://lh3.googleusercontent.com/u/0/d/1S9d0fPkAx8aooSXiTkkcqOIktOeaH_ee=w400-h380-p-k-nu-iv2
1Lx3mXnHi0b1DMxxLfu-WeD-juqGvII1q,10,2 - STUDIO E PDF.jpg,https://lh3.googleusercontent.com/u/0/d/1S9d0fPkAx8aooSXiTkkcqOIktOeaH_ee=w400-h380-p-k-nu-iv2
1Lx3mXnHi0b1DMxxLfu-WeD-juqGvII1q,10,3 - STUDIO E PDF.jpeg,https://lh3.googleusercontent.com/u/0/d/1S9d0fPkAx8aooSXiTkkcqOIktOeaH_ee=w400-h380-p-k-nu-iv2
1Lx3mXnHi0b1DMxxLfu-WeD-juqGvII1q,10,4 - STUDIO E PDF.jpg,https://lh3.googleusercontent.com/u/0/d/1S9d0fPkAx8aooSXiTkkcqOIktOeaH_ee=w400-h380-p-k-nu-iv2
1Lx3mXnHi0b1DMxxLfu-WeD-juqGvII1q,10,5 - STUDIO E PDF.jpg,https://lh3.googleusercontent.com/u/0/d/1S9d0fPkAx8aooSXiTkkcqOIktOeaH_ee=w400-h380-p-k-nu-iv2
1Lx3mXnHi0b1DMxxLfu-WeD-juqGvII1q,10,6 - STUDIO E PDF,https://lh3.googleusercontent.com/u/0/d/1S9d0fPkAx8aooSXiTkkcqOIktOeaH_ee=w400-h380-p-k-nu-iv2
1Lx3mXnHi0b1DMxxLfu-WeD-juqGvII1q,10,7 - STUDIO,https://lh3.googleusercontent.com/u/0/d/1S9d0fPkAx8aooSXiTkkcqOIktOeaH_ee=w400-h380-p-k-nu-iv2
1Lx3mXnHi0b1DMxxLfu-WeD-juqGvII1q,10,8 - STUDIO,https://lh3.googleusercontent.com/u/0/d/1S9d0fPkAx8aooSXiTkkcqOIktOeaH_ee=w400-h380-p-k-nu-iv2
1Lx3mXnHi0b1DMxxLfu-WeD-juqGvII1q,10,9 - STUDIO,https://lh3.googleusercontent.com/u/0/d/1S9d0fPkAx8aooSXiTkkcqOIktOeaH_ee=w400-h380-p-k-nu-iv2
1Lx3mXnHi0b1DMxxLfu-WeD-juqGvII1q,10,"ARLEQUINA E CORINGA - STUDIO, PNG E PDF.jpeg",https://lh3.googleusercontent.com/u/0/d/1S9d0fPkAx8aooSXiTkkcqOIktOeaH_ee=w400-h380-p-k-nu-iv2
1u_YoYZ8LwP5qZ9jvliWsSlUMnxh8pwSR,11,CAIXA AQUARIO - STUDIO E PDF,https://lh3.googleusercontent.com/u/0/d/1jZ8awHHh8EMwlAigBBEx00BER63N8aJ2=w400-h380-p-k-nu-iv2
1u_YoYZ8LwP5qZ9jvliWsSlUMnxh8pwSR,11,CAIXA BOLSA REDONDA.jpg,https://lh3.googleusercontent.com/u/0/d/1jZ8awHHh8EMwlAigBBEx00BER63N8aJ2=w400-h380-p-k-nu-iv2
1u_YoYZ8LwP5qZ9jvliWsSlUMnxh8pwSR,11,CAIXA DOMINÓ - STUDIO E PDF,https://lh3.googleusercontent.com/u/0/d/1jZ8awHHh8EMwlAigBBEx00BER63N8aJ2=w400-h380-p-k-nu-iv2
1u_YoYZ8LwP5qZ9jvliWsSlUMnxh8pwSR,11,CAIXA EXPLOSAO CASCATA - STUDIO E PDF,https://lh3.googleusercontent.com/u/0/d/1jZ8awHHh8EMwlAigBBEx00BER63N8aJ2=w400-h380-p-k-nu-iv2
1u_YoYZ8LwP5qZ9jvliWsSlUMnxh8pwSR,11,CAIXA GRATIDÃO.jpg,https://lh3.googleusercontent.com/u/0/d/1jZ8awHHh8EMwlAigBBEx00BER63N8aJ2=w400-h380-p-k-nu-iv2
1u_YoYZ8LwP5qZ9jvliWsSlUMnxh8pwSR,11,Calendario Permanente.jpg,https://lh3.googleusercontent.com/u/0/d/1jZ8awHHh8EMwlAigBBEx00BER63N8aJ2=w400-h380-p-k-nu-iv2
1u_YoYZ8LwP5qZ9jvliWsSlUMnxh8pwSR,11,CARTELA DE ADESIVOS TITA.jpg,https://lh3.googleusercontent.com/u/0/d/1jZ8awHHh8EMwlAigBBEx00BER63N8aJ2=w400-h380-p-k-nu-iv2
1u_YoYZ8LwP5qZ9jvliWsSlUMnxh8pwSR,11,"Festeja Plus - STUDIO, PDF E PNG",https://lh3.googleusercontent.com/u/0/d/1jZ8awHHh8EMwlAigBBEx00BER63N8aJ2=w400-h380-p-k-nu-iv2
1u_YoYZ8LwP5qZ9jvliWsSlUMnxh8pwSR,11,"Festeja Simples - STUDIO, PNG E PDF",https://lh3.googleusercontent.com/u/0/d/1jZ8awHHh8EMwlAigBBEx00BER63N8aJ2=w400-h380-p-k-nu-iv2
1u_YoYZ8LwP5qZ9jvliWsSlUMnxh8pwSR,11,ORGANIZADOR DE MESA.jpg,https://lh3.googleusercontent.com/u/0/d/1jZ8awHHh8EMwlAigBBEx00BER63N8aJ2=w400-h380-p-k-nu-iv2
1u_YoYZ8LwP5qZ9jvliWsSlUMnxh8pwSR,11,Vilarejo - Happy Box Cartonada.jpg,https://lh3.googleusercontent.com/u/0/d/1jZ8awHHh8EMwlAigBBEx00BER63N8aJ2=w400-h380-p-k-nu-iv2
1_CllEi83Z6JfxrrgmHNDTBA0DQTw-eDG,1,1 - STUDIO E PDF,https://lh3.googleusercontent.com/u/0/d/1qRa39iyHpQDbs290Yro_1__Kg9hL1E-V=w400-h380-p-k-nu-iv2
18kiL5dGy0MyeypgXAx-1faQdG1_yn6xD,1,1 - STUDIO.JPG,https://lh3.googleusercontent.com/u/0/d/1WJU0FS1iNMur_kK4cux2H757SQqb3tCy=w400-h380-p-k-nu-iv2
1U0zkmnwzlwcIXpSBpODgAfW6qlyaUyGk,25,1 - STUDIO.jpg,https://lh3.googleusercontent.com/u/0/d/1cmf11Fj5TnmOCkR8VSBsMPaTk7FRt9Kt=w400-h380-p-k-nu-iv2
1U0zkmnwzlwcIXpSBpODgAfW6qlyaUyGk,25,2 - STUDIO.jpeg,https://lh3.googleusercontent.com/u/0/d/1cmf11Fj5TnmOCkR8VSBsMPaTk7FRt9Kt=w400-h380-p-k-nu-iv2
1U0zkmnwzlwcIXpSBpODgAfW6qlyaUyGk,25,3 - STUDIO.jpg,https://lh3.googleusercontent.com/u/0/d/1cmf11Fj5TnmOCkR8VSBsMPaTk7FRt9Kt=w400-h380-p-k-nu-iv2
